ID,Name,Lot
00001,CKH HOLDINGS,500
00002,CLP HOLDINGS,500
00003,HK & CHINA GAS,1000
00004,WHARF HOLDINGS,1000
00005,HSBC HOLDINGS,400
00006,POWER ASSETS,500
00007,HOIFU ENERGY,2000
00008,PCCW,1000
00009,NINE EXPRESS,6000
00010,HANG LUNG GROUP,1000
00011,HANG SENG BANK,100
00012,HENDERSON LAND,1000
00014,HYSAN DEV,1000
00015,VANTAGE INT'L,2000
00016,SHK PPT,1000
00017,NEW WORLD DEV,1000
00018,ORIENTAL PRESS,2000
00019,SWIRE PACIFIC A,500
00020,WHEELOCK,1000
00021,GREAT CHI PPT,5000
00022,MEXAN,40000
00023,BANK OF E ASIA,200
00024,BURWILL,2000
00025,CHEVALIER INT'L,2000
00026,CHINA MOTOR BUS,200
00027,GALAXY ENT,1000
00028,TIAN AN,1000
00029,DYNAMIC HOLD,2000
00030,BAN LOONG HOLD,2000
00031,CHINA AEROSPACE,2000
00032,CROSS-HAR(HOLD),1000
00033,ASIA INV FIN,2000
00034,KOWLOON DEV,1000
00035,FE CONSORT INTL,1000
00036,FE HLDGS INTL,3000
00037,FE HOTELS,2000
00038,FIRST TRACTOR,2000
00039,CH BEIDAHUANG,8000
00040,GOLD PEAK,1000
00041,GREAT EAGLE H,1000
00042,NE ELECTRIC,2000
00043,C.P. POKPHAND,2000
00044,HAECO,400
00045,HK&S HOTELS,500
00046,COMPUTER & TECH,2000
00047,HOP HING GROUP,4000
00048,C AUTO INT DECO,10000
00050,HK FERRY (HOLD),1000
00051,HARBOUR CENTRE,1000
00052,FAIRWOOD HOLD,500
00053,GUOCO GROUP,1000
00054,HOPEWELL HOLD,500
00055,NEWAY GROUP,10000
00056,ALLIED PPT (HK),2000
00057,CHEN HSONG HOLD,2000
00058,SUNWAY INT'L,20000
00059,SKYFAME REALTY,2000
00060,HK FOOD INV,2000
00061,NORTH ASIA RES,5000
00062,TRANSPORT INT'L,400
00063,CHINA GRAPHENE,1000
00064,GET NICE,2000
00065,GRAND OCEAN AR,4000
00066,MTR CORPORATION,500
00067,LUMENA NEWMAT,2000
00068,LEE HING,1000
00069,SHANGRI-LA ASIA,2000
00070,NEPTUNE GROUP,10000
00071,MIRAMAR HOTEL,1000
00072,MODERN MEDIA,2000
00073,ASIAN CITRUS,1000
00075,Y.T. REALTY,2000
00076,SOUTH SEA PETRO,4000
00077,AMS TRANSPORT,2000
00078,REGAL INT'L,2000
00079,CENTURY LEGEND,4000
00081,CH OVS G OCEANS,1000
00082,V1 GROUP,2000
00083,SINO LAND,2000
00084,STELUX HOLDINGS,1000
00085,CHINA ELECTRON,2000
00086,SUN HUNG KAI CO,1000
00087,SWIRE PACIFIC B,2500
00088,TAI CHEUNG HOLD,1000
00089,TAI SANG LAND,1000
00090,AMBER ENERGY,2000
00091,INT'L STD RES,25000
00092,CHAMPION TECH,2000
00093,TERMBRAY IND,2000
00094,GREENHEART GP,2000
00095,LVGEM CHINA,4000
00096,YUSEI,2000
00097,HENDERSON INV,1000
00098,XINGFA ALUM,1000
00099,WONG'S INT'L,1000
00100,CLEAR MEDIA,1000
00101,HANG LUNG PPT,1000
00102,SUMMIT ASCENT,2000
00103,SHOUGANG CENT,2000
00104,ASIA COMM HOLD,5000
00105,ASSO INT HOTELS,2000
00106,LANDSEA PPT,4000
00107,SICHUAN EXPRESS,2000
00108,GR PROPERTIES,2000
00109,GOODRESOURCES,10000
00110,CHINA FORTUNE,2000
00111,CINDA INTL HLDG,2000
00112,LT COMM REALEST,2000
00113,DICKSON CONCEPT,500
00114,HERALD HOLD,5000
00115,GRAND FIELD GP,10000
00116,CHOW SANG SANG,1000
00117,TIANLI HOLDINGS,2000
00118,COSMOS MACH,2000
00119,POLY PROPERTY,1000
00120,COSMOPOL INT'L,20000
00121,C.P. LOTUS,10000
00122,CROCODILE,1000
00123,YUEXIU PROPERTY,2000
00124,GD LAND,2000
00125,SUN HING VISION,2000
00126,CARRIANNA,2000
00127,CHINESE EST H,500
00128,ENM HOLDINGS,4000
00129,ASIA STANDARD,2000
00130,MOISELLE INT'L,2000
00131,CHEUK NANG HOLD,1000
00132,CHINA INV HOLD,1000
00135,KUNLUN ENERGY,2000
00136,HENGTEN NET,4000
00137,JINHUI HOLDINGS,1000
00138,CCT FORTIS,2000
00139,CH SOFT POWER,14000
00141,GREAT CHINA,2000
00142,FIRST PACIFIC,2000
00143,GLOBAL TECH,2000
00144,CHINA MER PORT,2000
00145,HK BLDG & LOAN,8000
00146,TAI PING CARPET,1000
00147,IB SETTLEMENT,5000
00148,KINGBOARD CHEM,500
00149,CH AGRI-PROD EX,5000
00151,WANT WANT CHINA,1000
00152,SHENZHEN INT'L,500
00153,CHINA SAITE,2000
00154,BE ENVIRONMENT,1000
00155,CHINA SOLAR,10000
00156,LIPPO CHINA RES,10000
00157,NATURAL BEAUTY,10000
00158,MELBOURNE ENT,500
00159,BROCKMAN MINING,4000
00160,HON KWOK LAND,2000
00161,AVIC IHL,2000
00162,CENTURY GINWA,2000
00163,EMPEROR INT'L,2000
00164,CHINA BAOLI TEC,25000
00165,CHINA EB LTD,2000
00166,NEWTIMES ENERGY,2000
00167,IDT INT'L,2000
00168,TSINGTAO BREW,2000
00169,WANDA HOTEL DEV,1000
00171,SILVER GRANT,2000
00172,GOLDBOND GROUP,10000
00173,K. WAH INT'L,1000
00174,GEMINI INV,2000
00175,GEELY AUTO,5000
00176,UNITED PACIFIC,2000
00177,JIANGSU EXPRESS,2000
00178,SA SA INT'L,2000
00179,JOHNSON ELEC H,500
00180,KADER HOLDINGS,2000
00181,FUJIAN HOLDINGS,20000
00182,CONCORD NE,10000
00183,WINFULL GP,8000
00184,KECK SENG INV,2000
00185,ZH INT'L HOLD,10000
00186,GRANDE HOLDINGS,30000
00187,JINGCHENG MAC,2000
00188,SUNWAH KINGSWAY,10000
00189,DONGYUE GROUP,1000
00190,HKC (HOLDINGS),1000
00191,LAI SUN INT'L,5000
00193,CAPITAL ESTATE,15000
00194,LIU CHONG HING,2000
00195,L'SEA RESOURCES,10000
00196,HONGHUA GROUP,1000
00197,HENG TAI,5000
00198,SMI HOLDINGS,4000
00199,ITC PROPERTIES,1000
00200,MELCO INT'L DEV,1000
00201,MAGNIFICENT,2000
00202,EVERCHINA INT'L,5000
00205,SEEC MEDIA,20000
00206,TSC GROUP,1000
00207,JOY CITY PPT,2000
00208,POLYTEC ASSET,5000
00209,WINSHINE SCI,4000
00210,DAPHNE INT'L,2000
00211,STYLAND HOLD,10000
00212,NANYANG HOLD,500
00213,NATIONAL ELEC H,2000
00214,ASIA ORIENT,2000
00215,HUTCHTEL HK,2000
00216,CHINNEY INV,4000
00217,CHINA CHENGTONG,2000
00218,SHENWANHONGYUAN,5000
00219,SHUNHO PROPERTY,2000
00220,U-PRESID CHINA,1000
00221,EASY ONE FIN,10000
00222,MIN XIN HOLD,2000
00223,ELIFE HLDGS,2000
00224,PIONEER GLOBAL,4000
00225,POKFULAM,2000
00226,LIPPO,1000
00227,FIRST SHANGHAI,8000
00228,CHINA ENERGY,2000
00229,RAYMOND IND,1000
00230,MINMETALS LAND,2000
00231,PING AN SEC GP,20000
00232,AVIC INT'L,2000
00233,MY MEDICARE,10000
00234,NEW CENTURY GP,8000
00235,CHINA STRATEGIC,5000
00236,SAN MIGUEL HK,2000
00237,SAFETY GODOWN,2000
00238,EVERGREEN INT,1000
00239,PAK FAH YEOW,2500
00240,BUILD KING HOLD,10000
00241,ALI HEALTH,2000
00242,SHUN TAK HOLD,2000
00243,QPL INT'L,9000
00244,SINCERE,1000
00245,CN MINSHENG FIN,10000
00246,REALGOLD MINING,500
00247,TST PROPERTIES,2000
00248,HKC INT'L HOLD,4000
00250,SINO-I TECH,10000
00251,SEA HOLDINGS,2000
00252,SE ASIA PPT,2000
00253,SHUNHO HOLDINGS,2000
00254,NUR HOLDINGS,10000
00255,LUNG KEE,2000
00256,CITYCHAMP,2000
00257,CHINA EB INT'L,1000
00258,TOMSON GROUP,2000
00259,YEEBO (INT'L H),2000
00260,AVIC JOY HLDG,10000
00261,CCT LAND,80000
00262,DESON DEV INT'L,5000
00263,GT GROUP HLDG,4000
00264,ASCENT INT'L,4000
00265,ORIENT VICTORY,10000
00266,TIAN TECK LAND,2000
00267,CITIC,1000
00268,KINGDEE INT'L,2000
00269,CRTG,5000
00270,GUANGDONG INV,2000
00271,DAN FORM HOLD,1000
00272,SHUI ON LAND,500
00273,MASON FIN,20000
00274,C BILLION RES,40000
00275,MASTER GLORY GP,10000
00276,MONGOLIA ENERGY,3000
00277,TERN PROPERTIES,2000
00278,WAH HA REALTY,2000
00279,FREEMAN FINTECH,20000
00280,KING FOOK HOLD,2000
00281,RIVERA (HOLD),2000
00282,NEXT DIGITAL,2000
00283,GOLDIN PPT,2000
00285,BYD ELECTRONIC,500
00286,CS HEALTH,2000
00287,WINFAIR INV,2000
00288,WH GROUP,500
00289,WING ON CO,1000
00290,C FORTUNE FIN,2000
00291,CHINA RES BEER,2000
00292,ASIA STD HOTEL,10000
00293,CATHAY PAC AIR,1000
00294,YANGTZEKIANG,1000
00295,KONG SUN HOLD,25000
00296,EMPEROR E HOTEL,5000
00297,SINOFERT,2000
00298,CHUANG'S CHINA,10000
00299,NEW SPORTS,10000
00300,KUNMING MACHINE,2000
00303,VTECH HOLDINGS,100
00305,WULING MOTORS,10000
00306,KWOON CHUNG BUS,2000
00307,UP ENERGY DEV,2000
00308,CHINA TRAVEL HK,2000
00309,XH NEWS MEDIA,1000
00311,LUEN THAI,1000
00312,SHIRBLE STORE,2000
00313,RICHLY FIELD,50000
00315,SMARTONE TELE,500
00316,OOIL,500
00317,COMEC,2000
00318,VONGROUP,5000
00319,CHINA METAL,2000
00320,COMPUTIME,2000
00321,TEXWINCA HOLD,2000
00322,TINGYI,2000
00323,MAANSHAN IRON,2000
00326,CHINA STAR ENT,10000
00327,PAX GLOBAL,1000
00328,ALCO HOLDINGS,2000
00329,DRAGONITE INT'L,4000
00330,ESPRIT HOLDINGS,100
00331,FSE ENGINEERING,1000
00332,YUANHENG GAS,4000
00333,TOP FORM INT'L,2000
00334,CH DISPLAY OPT,8000
00335,UPBEST GROUP,2000
00336,HUABAO INTL,1000
00337,GREENLAND HK,1000
00338,SHANGHAI PECHEM,2000
00340,CHINA MINING,2000
00341,CAFE DE CORAL H,2000
00342,NEWOCEAN ENERGY,2000
00343,CULTURECOM HOLD,5000
00345,VITASOY INT'L,2000
00346,YANCHANG PETRO,10000
00347,ANGANG STEEL,2000
00348,CHINAHEALTHWISE,2000
00351,ASIA ENERGY LOG,10000
00352,FORTUNE SUN,2000
00353,ENERGY INTINV,20000
00354,CHINASOFT INT'L,2000
00355,CENTURY C INT'L,4000
00357,HNA INFRA,1000
00358,JIANGXI COPPER,1000
00359,HAISHENG JUICE,4000
00360,NEW FOCUS AUTO,4000
00361,SINO GOLF HOLD,20000
00362,C ZENITH-NEW,10000
00363,SHANGHAI IND H,1000
00364,PING SHAN TEA,4000
00365,UNIS HOLDINGS,2000
00366,LUKS GROUP (VN),2000
00367,CHUANG'S INT'L,4000
00368,SINOTRANS SHIP,500
00369,WING TAI PPT,2000
00370,CHINA BEST,20000
00371,BJ ENT WATER,2000
00372,ITC CORPORATION,2000
00373,ALLIED GROUP,2000
00374,FOUR SEAS MER,2000
00375,YGM TRADING,1000
00376,YUNFENG FIN,2000
00377,HUAJUN HOLD,4000
00378,FDG KINETIC,2000
00379,EG LEASING,10000
00380,SOFTPOWER INT,4000
00381,KIU HUNG INT'L,10000
00382,WELLING HOLDING,2000
00383,CHINA MED&HCARE,10000
00384,CHINA GAS HOLD,2000
00385,CHINNEY ALLI,2000
00386,SINOPEC CORP,2000
00387,LEEPORT(HOLD),4000
00388,HKEX,100
00389,TONTINE WINES,2000
00390,CHINA RAILWAY,1000
00391,MEI AH ENTER,20000
00392,BEIJING ENT,500
00393,GLORIOUS SUN,4000
00395,SMARTAC GP CH,8000
00396,HING LEE (HK),2000
00397,JUN YANG FIN,10000
00398,ORIENTAL WATCH,2000
00399,INNOVATIVE PHAR,5000
00400,COGOBUY,1000
00401,WANJIA GROUP,5000
00402,PEACEMAP HOLD,20000
00403,STARLITE HOLD,2000
00404,HSIN CHONG GP,2000
00405,Yuexiu Real Estate,1000
00406,YAU LEE HOLD,2000
00408,YIP'S CHEMICAL,2000
00410,SOHO CHINA,500
00411,LAM SOON (HK),1000
00412,CHINA INNO FIN,6000
00413,SC HOLDINGS,8000
00416,BANKOFJINZHOU,1000
00417,TSE SUI LUEN,2000
00418,FOUNDER HOLD,2000
00419,HUAYI TENCENT,10000
00420,FOUNTAIN SET,2000
00422,VMEP HOLDINGS,1000
00423,HKET HOLDINGS,2000
00425,MINTH GROUP,2000
00426,ONE MEDIA GROUP,2000
00430,ORIENTAL EXPL,2000
00431,G CHINA FIN,4000
00432,PCPD,1000
00433,NORTH MINING,10000
00434,BOYAA,1000
00436,NU ENVIRO,20000
00438,IRICO NEWENERGY,2000
00439,KUANGCHI,1000
00440,DAH SING,400
00442,KTL INT'L,1000
00444,SINCEREWATCH HK,10000
00445,CHINA FIRE,5000
00449,CHIGO HOLDING,2000
00450,HUNG HING PRINT,2000
00451,GCL NEWENERGY,2000
00455,TIANDA PHARMA,2000
00456,NEW CITY DEV,20000
00458,TRISTATE HOLD,1000
00459,MIDLAND IC&I,10000
00460,SIHUAN PHARM,1000
00462,NATURAL DAIRY,4000
00464,KENFORD GROUP,4000
00465,FUTONG TECH,2000
00467,UNITEDENERGY GP,2000
00468,GAPACK,1000
00469,CAPXON INT'L,4000
00471,CMMB VISION,4000
00472,NEW SILKROAD,10000
00474,HAO TIAN DEV,6000
00475,ZHONG FA ZHAN,2000
00476,CH DYNAMICS,10000
00479,CIL HOLDINGS,20000
00480,HKR INT'L,800
00482,SANDMARTIN INTL,2000
00483,BAUHAUS INT'L,2000
00484,FORGAME,100
00485,CHINASINOSTAR,20000
00486,RUSAL,1000
00487,SUCCESSUNIVERSE,4000
00488,LAI SUN DEV,15000
00489,DONGFENG GROUP,2000
00491,SEE CORPORATION,20000
00493,GOME,1000
00494,LI & FUNG,2000
00495,PALADIN,5000
00496,KASEN,1000
00497,CSI PROPERTIES,10000
00498,PYI CORP,2000
00499,QINGDAO HLDGS,2000
00500,FRONTIER SER,1000
00503,LANSEN PHARMA,1000
00505,HUAN YUE INTER,1000
00506,CHINA FOODS,2000
00508,DINGYI GP INV,5000
00509,SUNSHINE,5000
00510,CASH FIN SER GP,6000
00511,TVB,100
00512,CHINAGRANDPHARM,4000
00513,CONTINENTAL H,10000
00515,TC ORI LIGHT,2000
00517,COSCO SHIP INTL,2000
00518,TUNGTEX (HOLD),2000
00519,APPLIED DEV,5000
00520,XIABUXIABU,500
00521,HNA HOLDING,10000
00522,ASM PACIFIC,100
00524,E-KONG GROUP,10000
00525,GUANGSHEN RAIL,2000
00526,LISI GP HOLD,2000
00527,RUIFENG RENEW,4000
00528,KINGDOM HOLDING,2000
00529,SIS INT'L,2000
00530,GOLDIN FIN HOLD,2000
00531,SAMSON HOLDING,1000
00532,WKK INTL (HOLD),2000
00533,GOLDLION HOLD,1000
00535,GEMDALE PPT,2000
00536,TRADELINK,2000
00538,AJISEN (CHINA),1000
00539,VICTORY CITY,2000
00540,SPEEDY GLOBAL,4000
00542,CENERIC,8000
00543,PACIFIC ONLINE,1000
00544,DAIDO GROUP,20000
00546,FUFENG GROUP,1000
00547,DIGITAL DOMAIN,10000
00548,SHENZHENEXPRESS,2000
00549,QIFENG FIBER,2000
00550,CINMEDIA,2000
00551,YUE YUEN IND,500
00552,CHINACOMSERVICE,2000
00553,NANJING PANDA,2000
00554,HANS ENERGY,2000
00555,REXLOT HOLDINGS,25000
00556,PAN ASIA ENVIRO,2000
00557,CITY E-SOLUTION,2000
00558,LK TECH,2500
00559,DETAI NEWENERGY,10000
00560,CHU KONG SHIP,2000
00563,SH IND URBAN,2000
00564,ZMJ,200
00565,ART GROUP HOLD,5000
00566,HANERGY TFP,2000
00567,DAISHOMICROLINE,2000
00568,SHANDONG MOLONG,400
00569,CH AUTOMATION,1000
00570,TRAD CHI MED,2000
00571,ESUN HOLDINGS,2000
00572,FUTURE WORLD FH,4000
00573,TAO HEUNG HLDGS,1000
00574,PASHUN PHARMA,2000
00575,REGENT PACIFIC,10000
00576,ZHEJIANGEXPRESS,2000
00577,THE 13 HOLDINGS,500
00578,ROSAN RES,10000
00579,JNCEC,2000
00580,SUN.KING ELEC,2000
00581,CHINA ORIENTAL,2000
00582,LANDING INTL,60000
00583,GWPA HOLDINGS,2000
00585,IMAGI INT'L,8000
00586,CONCH VENTURE,500
00587,HUA HAN HEALTH,4000
00588,BEIJING N STAR,2000
00589,PORTICO INT'L,500
00590,LUK FOOK HOLD,1000
00591,C HIGHPRECISION,1000
00592,BOSSINI INT'L,2000
00593,SKYOCEAN INTL,500
00595,AV CONCEPT HOLD,2000
00596,INSPUR INT'L,2000
00598,SINOTRANS,1000
00599,E. BON HOLDINGS,4000
00600,CHINA INFRA INV,2000
00601,GROUP SENSE,10000
00602,JIAHUA STORES H,2500
00603,CHINA OIL & GAS,20000
00604,SHENZHEN INVEST,2000
00605,C FIN SERVICES,2000
00606,CHINA AGRI,1000
00607,FULLSHARE,2500
00608,HIGH FASHION,2000
00609,TIANDE CHEMICAL,4000
00610,WAI KEE HOLD,2000
00611,CNE TECH CORP,2000
00613,YUGANG INT'L,2000
00616,EMINENCE ENT,5000
00617,PALIBURG HOLD,2000
00618,PKU RESOURCES,2000
00619,SOUTH CHINA FIN,50000
00620,DTXS SILK ROAD,2000
00621,TAUNG GOLD,10000
00622,ENERCHINA HOLD,3000
00623,SINOMEDIA,1000
00626,PUBLIC FIN HOLD,2000
00627,U-RIGHT INT'L,20000
00628,GOME FIN TECH,2000
00629,YUE DA MINING,1000
00630,AMCO UNITED,10000
00631,SANY INT'L,1000
00632,PEARLORIENT OIL,1000
00633,CH ALL ACCESS,2000
00635,PLAYMATES-NEW,2000
00636,KERRY LOG NET,500
00637,LEE KEE,2000
00638,KIN YAT HOLD,2000
00639,SHOUGANG RES,2000
00640,INFINITY DEV,4000
00641,CHTC FONG'S,2000
00643,CARRY WEALTH,10000
00645,ARES ASIA,2000
00646,CHINA ENV TEC,8000
00647,JOYCE BOUTIQUE,2000
00648,WAH YAN HEALTH,2500
00650,IDG ENERGY,2000
00651,CHI OCEAN IND,5000
00653,BONJOUR HOLD,2000
00655,HK CHINESE LTD,2000
00656,FOSUN INTL,500
00657,G-VISION INT'L,2000
00658,C TRANSMISSION,1000
00659,NWS HOLDINGS,1000
00660,WAI CHUN MINING,10000
00661,CDAYENONFER,2000
00662,ASIA FINANCIAL,2000
00663,KING STONE ENGY,1000
00665,HAITONG INT'L,1000
00668,DOYEN INTL HOLD,2000
00669,TECHTRONIC IND,500
00670,CHINA EAST AIR,2000
00672,ZHONGAN REALEST,1000
00673,CHINA HEALTH,3000
00674,CULTURELANDMARK,4000
00675,K & P INT'L,2000
00676,PEGASUS INT'L,2000
00677,GOLDEN RES DEV,2000
00678,GENTING HK,1000
00679,ASIA TELE-NET,10000
00680,NAN HAI CORP,50000
00681,CHI PEOPLE HOLD,2000
00682,CHAODA MODERN,2000
00683,KERRY PPT,500
00684,ALLAN INT'L,2000
00685,MEDIA CHINESE,1000
00686,UNITED PV,2000
00687,HKICIM GROUP,2000
00688,CHINA OVERSEAS,2000
00689,EPI (HOLDINGS),15000
00690,UNI-BIO GROUP,20000
00691,SHANSHUI CEMENT,1000
00692,CHINA HOUSEHOLD,5000
00693,TAN CHONG INT'L,3000
00694,BEIJING AIRPORT,2000
00695,DONGWU CEMENT,2000
00696,TRAVELSKY TECH,1000
00697,SHOUGANG INT'L,2000
00698,TONGDA GROUP,10000
00699,CAR INC,1000
00700,TENCENT,100
00701,CNT GROUP,2000
00702,SINO OIL & GAS,5000
00703,FUTURE BRIGHT,6000
00704,HUSCOKE RES,10000
00705,DINGHE MINING,12000
00706,BEAUTI C HOLD,10000
00707,CO-PROSPERITY,2000
00708,EVERG HEALTH,5000
00709,GIORDANO INT'L,2000
00710,VARITRONIX INTL,1000
00711,ASIA ALLIED INF,2000
00712,COMTEC SOLAR,2000
00713,WORLD HOUSEWARE,2000
00715,CHINA OCEANWIDE,2000
00716,SINGAMAS CONT,2000
00717,EMPEROR CAPITAL,6000
00718,TAI UNITED HOLD,5000
00719,SHANDONG XINHUA,2000
00720,AUTO ITALIA,25000
00722,UMP,2000
00723,SUSTAIN FOREST,60000
00724,RUIXIN INT'L,10000
00725,PERENNIAL INT'L,2000
00726,CM DRAWIN TECH,20000
00727,CROWNICORP,2000
00728,CHINA TELECOM,2000
00729,FDG EVEHICLES,5000
00730,SHOUGANG GRAND,1000
00731,SAMSON PAPER,2000
00732,TRULY INT'L,2000
00733,HOPEFLUENT,2000
00735,C P NEW ENERGY,500
00736,CHINA PPT INV,3000
00737,HOPEWELL INFR,500
00738,LE SAUNDA,2000
00743,ASIA CEMENT CH,500
00745,CN CULTURE GP,10000
00746,L & M CHEMICAL,2000
00747,SHENYANG PUBLIC,2000
00750,SINGYES SOLAR,1000
00751,SKYWORTHDIGITAL,2000
00752,PICO FAR EAST,2000
00753,AIR CHINA,2000
00754,HOPSON DEV HOLD,2000
00755,SHANGHAI ZENDAI,5000
00756,TIANYI SUMMI,4000
00757,SOLARGIGA,1000
00758,JUNEFIELD GROUP,2000
00759,CEC INT'L HOLD,2000
00760,TALENT PPT GP,15000
00761,BEL GLOBAL RES,2000
00762,CHINA UNICOM,2000
00763,ZTE,200
00764,ETERNITY INV,10000
00765,PERFECTECH INTL,2000
00766,SINO PROSPER GP,5000
00767,PACIFIC PLYWOOD,40000
00769,CHINA RAREEARTH,2000
00771,AUTOMATED SYS,2000
00772,CHINA LIT, 200
00775,CKLIFE SCIENCES,2000
00776,IMPERIUM GP,1000
00777,NETDRAGON,500
00778,Fortune REIT,1000
00787,GLOBAL BRANDS,2000
00789,PRIMEVIEW HLDG,20000
00794,COME SURE GROUP,2000
00798,CEOVU,4000
00799,IGG,1000
00800,A8 NEW MEDIA,2000
00801,GOLDEN MEDITECH,4000
00802,CHINA E-WALLET,10000
00803,PROSPERITY INTL,20000
00804,PINESTONE,5000
00805,GLENCORE-S,100
00806,VALUE PARTNERS,1000
00809,GLOBAL BIO-CHEM,2000
00811,XINHUA WINSHARE,1000
00812,SWSI,2000
00813,SHIMAO PROPERTY,500
00814,JINGKELONG,1000
00815,CHI SILVER GP,2000
00816,HUADIAN FUXIN,2000
00817,CHINA JINMAO,2000
00818,HI SUN TECH,3000
00819,TIANNENG POWER,2000
00821,VC HOLDINGS,4000
00822,KA SHUI INT'L,2000
00823,Link Real Estate,500
00825,NWDS CHINA,1000
00826,TIANGONG INT'L,2000
00827,KO YO GROUP,4000
00828,DYNASTY WINES,2000
00829,SHENGUAN HLDGS,2000
00830,FAR EAST GLOBAL,2000
00831,CR ASIA,2000
00832,CENTRAL CHINA,1000
00833,ALLTRONICS,1000
00834,KANGDA FOOD,4000
00835,ASIA COAL,10000
00836,CHINA RES POWER,2000
00837,CARPENTER TAN,2000
00838,EVA HOLDINGS,2000
00840,TIANYE WATER,2000
00841,CASSAVA RES,2000
00842,LEOCH INT'L,1000
00844,GRAND CONCORD,4000
00845,GLORIOUS PPT H,1000
00846,MINGFA GROUP,1000
00847,KAZ MINERALS-S,30
00848,MAOYE INT'L,1000
00850,TOURONG CHANGFU,4000
00851,SHENG YUAN HLDG,10000
00852,STRONG PETRO,2000
00853,MICROPORT,1000
00854,WILLAS-ARRAY,1000
00855,CHINA WATER,2000
00856,VST HOLDINGS,2000
00857,PETROCHINA,2000
00858,EXTRAWELL PHAR,10000
00859,HENRY GROUP,2000
00860,O LUXE HOLD,12000
00861,DC HOLDINGS,1000
00862,VISION VALUES,20000
00863,BRANDINGCHINA,2000
00864,WING LEE PPT,4000
00865,JIANDE INT'L,4000
00866,CHINA QINFA,2000
00867,CMS,1000
00868,XINYI GLASS,2000
00869,PLAYMATES TOYS,4000
00871,CH DREDG ENV,1000
00872,TUS INTL,2000
00873,C TAIFENG BED,2000
00874,BAIYUNSHAN PH,2000
00875,CHINA FIN INV,20000
00876,MEGA MEDICAL,10000
00877,O-NET TECH GP,1000
00878,SOUNDWILL HOLD,500
00880,SJM HOLDINGS,1000
00881,ZHONGSHENG HLDG,500
00882,TIANJIN DEV,2000
00883,CNOOC,1000
00884,CIFI HOLD GP,2000
00885,RENTIAN TECH,10000
00886,SILVER BASE,3000
00887,EMPEROR WATCH&J,10000
00888,ROADSHOW,2000
00889,DATRONIX HOLD,2000
00891,TRINITY,2000
00893,CHINAVTM MINING,1000
00894,MAN YUE TECH,2000
00895,DONGJIANG ENV,200
00896,HANISON,2000
00897,WAI YUEN TONG,5000
00898,MULTIFIELD INTL,2000
00899,ASIA RESOURCES,10000
00900,AEON CREDIT,2000
00902,HUANENG POWER,2000
00903,TPV TECHNOLOGY,2000
00904,CHINA GREEN,4000
00906,COFCO PACKAGING,1000
00907,ELEGANCEOPTICAL,2000
00908,ZHUHAI H INV,2000
00909,ZHONGDA INT'L,2000
00910,CHINA SANDI,12000
00911,QIANHAI HEALTH,10000
00912,SUGA INT'L,2000
00914,ANHUI CONCH,500
00915,DAOHE GLOBAL,1000
00916,CHINA LONGYUAN,1000
00918,TAKSON HOLDINGS,2000
00919,MODERN BEAUTY,4000
00921,HISENSE KELON,1000
00922,ANXIANYUAN CH,20000
00923,IWS,2000
00925,BJ PROPERTIES,2000
00926,BESUNYEN,1000
00927,FUJIKON IND,2000
00928,LIFE HEALTHCARE,20000
00929,IPE GROUP,5000
00931,CHINA LNG,20000
00932,RM GROUP,4000
00933,BRIGHTOIL,1000
00934,SINOPEC KANTONS,2000
00935,DRAGON CROWN,2000
00936,EAGLE LEGEND,10000
00938,MAN SANG INT'L,2000
00939,CCB,1000
00940,C ANIMAL HEALTH,1000
00941,CHINA MOBILE,500
00943,EFORCE HOLDINGS,8000
00945,MANULIFE-S,100
00947,MOBI DEV,1000
00948,Z-OBEE,2000
00950,LEE'S PHARM,500
00951,CHAOWEI POWER,1000
00952,QUAM,10000
00953,SHAW BROTHERS,2000
00954,CHANGMAO BIO,4000
00956,CHINA SUNTIEN,1000
00958,HN RENEWABLES,2000
00959,AMAX INT HOLD,2000
00960,LONGFOR PPT,500
00963,BLOOMAGE BIOTEC,2500
00966,CHINA TAIPING,200
00967,SOUND GLOBAL,1000
00968,XINYI SOLAR,2000
00969,HUA LIEN INT'L,2000
00970,SPARKLE ROLL,8000
00973,L'OCCITANE,250
00974,SKL,1000
00975,MONGOL MINING,500
00976,CHIHO-TIANDE,2000
00978,CHI MER LAND,2000
00979,GREEN ENERGY GP,2000
00980,LIANHUA,1000
00981,SMIC,500
00982,IONE HOLDINGS,20000
00983,SOCAM DEV,2000
00984,AEON STORES,500
00985,NETMIND FIN,8000
00986,CH ENV ENERGY,2000
00987,CH RENEW EN INV,2000
00988,LOUDONG GN RES,3000
00989,GROUND INTL DEV,5000
00990,THEME INT'L,10000
00991,DATANG POWER,2000
00992,LENOVO GROUP,2000
00993,HUARONG INT FIN,1000
00995,ANHUIEXPRESSWAY,2000
00996,CARNIVAL GROUP,10000
00997,CHINLINK INTL,5000
00998,CITIC BANK,1000
00999,I.T,2000
01000,BEIJING MEDIA,500
01001,HK SH ALLIANCE,2000
01002,V.S. INT'L,4000
01003,HUANXI MEDIA,10000
01004,C SMARTERENERGY,2000
01005,MATRIX HOLDINGS,2000
01006,CHANGSHOUHUA,1000
01007,DAQING DAIRY,1000
01008,BRILLIANT CIR,2000
01009,INT'L ENT,2000
01010,PACRAY INT'L,2000
01011,NT PHARMA,500
01013,WAI CHUN GROUP,2000
01019,CONVOY,6000
01020,CYBERNAUT INT'L,4000
01021,MIDAS HLDGS-S,1000
01022,FEIYU,1500
01023,SITOY GROUP,1000
01026,UNIVERSAL TECH,10000
01027,CHINA JICHENG,10000
01028,C.BANNER,1000
01029,IRC,2000
01030,FUTURE LAND,2000
01031,KINGSTON FIN,2000
01033,SINOPEC SSC,2000
01035,BBI LIFE SCI,1500
01036,VANKE PPT OVS,1000
01037,MAXNERVA TECH,2000
01038,CKI HOLDINGS,1000
01039,FORTUNET E-COMM,1000
01041,LAMTEX HLDGS,10000
01043,COSLIGHT TECH,2000
01044,HENGAN INT'L,500
01045,APT SATELLITE,500
01046,UNI INTL FIN,5000
01047,NGAI HING HONG,2000
01048,YORKSHINE HLDGS,1000
01049,CELESTIAL ASIA,6000
01050,KARRIE INT'L,2000
01051,G-RESOURCES,3000
01052,YUEXIUTRANSPORT,2000
01053,CHONGQING IRON,2000
01055,CHINA SOUTH AIR,2000
01057,ZHEJIANG SHIBAO,2000
01058,GUANGDONG TANN,2000
01059,KANTONE HOLDING,3000
01060,ALI PICTURES,10000
01061,ESSEX BIO-TECH,1000
01063,SUNCORP TECH,10000
01064,ZHONG HUA INT'L,5000
01065,TIANJIN CAPITAL,2000
01066,WEIGAO GROUP,4000
01068,YURUN FOOD,1000
01069,CA LOW-CARBON,20000
01070,TCL MULTIMEDIA,1000
01071,HUADIAN POWER,2000
01072,DONGFANG ELEC,200
01073,CHINA AGROTECH,2000
01075,CAPINFO,6000
01076,IMPERIAL PAC,20000
01079,PINE TECH,2000
01080,SHENGLI PIPE,1500
01082,HK EDU INTL,8000
01083,TOWNGAS CHINA,1000
01085,HXTL,2000
01086,GOODBABY INTL,1000
01087,INVESTECH HLDGS,1000
01088,CHINA SHENHUA,500
01089,LEYOU TECH H,5000
01090,DA MING INT'L,2000
01091,CITIC DAMENG,1000
01093,CSPC PHARMA,2000
01094,C P PROCUREMENT,4000
01096,SINO ENERGY INT,2000
01097,I-CABLE COMM,1000
01098,ROAD KING INFRA,1000
01099,SINOPHARM,400
01100,MAINLAND HOLD,2000
01101,HUARONG ENERGY,2000
01102,ENVIRO ENERGY,2000
01103,DASHENG AGR FIN,8000
01104,APAC RESOURCES,20000
01105,SING TAO,2000
01106,SINO HAIJING,20000
01107,MODERN LAND,2000
01108,LUOYANG GLASS,2000
01109,CHINA RES LAND,2000
01110,KINGWORLD,4000
01111,CHONG HING BANK,1000
01112,H&H INTL HLDG,500
01113,CK PROPERTY,500
01114,BRILLIANCE CHI,2000
01115,TIBET WATER,1000
01116,MAYER HOLDINGS,4000
01117,CH MODERN D,1000
01118,GOLIK HOLDINGS,10000
01120,ARTS OPTICAL,2000
01121,BAOFENGMODERN,2000
01122,QINGLING MOTORS,2000
01123,CHINA-HK PHOTO,2000
01124,COASTAL GL,2000
01125,LAI FUNG HOLD,20000
01126,DREAM INT'L,2000
01127,1010 PRINTING,4000
01128,WYNN MACAU,400
01129,WATER INDUSTRY,4000
01130,CHINA ENV RES,4000
01131,AGRITRADE RES,5000
01132,ORANGE SKY G H,5000
01133,HARBIN ELECTRIC,2000
01135,ASIA SATELLITE,500
01136,TCC INT'L HOLD,2000
01137,HKTV,1000
01138,COSCO SHIP ENGY,2000
01139,VICTORY GROUP,16000
01141,CMBC CAPITAL,10000
01142,SIBERIAN MINING,10000
01143,CH HCARE ENT,4000
01145,COURAGEMARINE,1000
01146,CH OUTFITTERS,2000
01148,POWER XINCHEN,1000
01149,ANXIN-CHINA,4000
01150,MILAN STATION,2000
01151,ELEC & ELTEK,500
01152,INFINITY FIN,2000
01155,CENTRON TELECOM,1000
01157,ZOOMLION,200
01159,JIMEI INT ENT,500
01161,WATER OASIS GP,2000
01163,DEJIN RES,10000
01164,CGN MINING,5000
01165,SFCE,2000
01166,SOLARTECH INT'L,20000
01168,SINOLINK HOLD,2000
01169,HAIER ELEC,1000
01170,KINGMAKER,2000
01171,YANZHOU COAL,2000
01172,MIDAS INT'L,20000
01173,VEEKO INT'L,20000
01174,PACIFIC ANDES,2000
01175,FRESH EXP,10000
01176,ZHUGUANG HOLD,2000
01177,SINO BIOPHARM,1000
01178,SHARE ECON GP,10000
01180,PARADISE ENT,4000
01181,TANG PALACE,2000
01182,SUCCESS DRAGON,10000
01184,S.A.S. DRAGON,2000
01185,CHINA ENERGINE,2000
01186,CHINA RAIL CONS,500
01187,HAN TANG INTL,2000
01188,HYBRID KINETIC,2000
01189,ROSEDALE HOTEL,10000
01190,BOLINA,2000
01191,YUESHOU ENV,20000
01192,TITAN PETROCHEM,20000
01193,CHINA RES GAS,2000
01194,MUNSUN CAPITAL,2000
01195,KINGWELL GROUP,4000
01196,REALORD GROUP,2000
01197,CHINA HENGSHI,2000
01198,ROYALE FURN,2000
01199,COSCO SHIP PORT,2000
01200,MIDLAND HOLDING,2000
01201,TESSON HOLDINGS,3000
01202,CHENGDU PUTIAN,2000
01203,GUANGNAN (HOLD),2000
01205,CITIC RESOURCES,2000
01206,TECHNOVATOR,2000
01207,SRE GROUP,2000
01208,MMG,4000
01210,CHRISTINE,2000
01211,BYD COMPANY,500
01212,LIFESTYLE INT'L,500
01213,MOBICON GROUP,2000
01215,KAI YUAN HLDGS,20000
01218,EASYKNIT INT'L,1000
01219,TENWOW INT'L,1000
01220,ZHIDAO INT'L,30000
01221,SINO HOTELS,2000
01222,WANG ON GROUP,20000
01223,SYMPHONY HOLD,10000
01224,C C LAND,1000
01225,LERADO FIN,20000
01228,SUPERB SUMMIT,5000
01229,NAN NAN RES,2000
01230,YASHILI INT'L,1000
01231,NEWTON RES,2000
01232,GW TIANDI,2000
01233,TIMES PPT,1000
01234,CHINA LILANG,1000
01235,TRAVEL EXPERT,5000
01236,NATIONAL AGRI,2000
01237,CH ENV TECH&BIO,10000
01238,POWERLONG,1000
01239,JIN BAO BAO H,20000
01240,CNQC INT'L,2500
01241,SHUANGHUA H,2000
01243,WANG ON PPT,4000
01245,NIRAKU,2000
01246,NGAISHUN HOLD,20000
01247,MIKO INTL,2000
01249,TONLY ELEC,1000
01250,BE CLEAN ENERGY,20000
01251,SPT ENERGY,2000
01252,CHINA TIANRUI,1000
01253,GREENLAND BROAD,4000
01255,S. CULTURE,2000
01257,CEB GREENTECH,1000
01258,CHINFMINING,1000
01259,CH CHILD CARE,1000
01260,WONDERFUL SKY,2000
01262,LABIXIAOXIN,1000
01263,PC PARTNER,2000
01265,TIANJINJINRAN,10000
01266,XIWANG STEEL,1000
01268,MEIDONG AUTO,2000
01269,FIRST CAP GP,2000
01270,LANGHAM-SS,500
01271,GRAND MING,1000
01272,DATANG ENVIRO,1000
01273,HK FINANCE GP,4000
01277,KINETIC M&E,2000
01278,CHINANEWTOWN,2500
01280,HUIYIN SMARTCOM,2000
01281,LT SMART ENERGY,1000
01282,CHINA GOLDJOY,4000
01285,JIASHILI GP,1000
01288,ABC,1000
01289,SUNLIT SCI,500
01290,CHINA HUIRONG,2000
01292,CMA LOGISTICS,1000
01293,GRAND BAOXIN,500
01296,GUODIAN TECH,1000
01297,SINOSOFT TECH,1000
01298,TECHCOMP,1000
01299,AIA,200
01300,TRIGIANT,2000
01301,D&G TECH,2000
01302,LIFETECH SCI,2000
01303,HUILI RES,2000
01305,WAI CHI HOLD,1000
01308,SITC,1000
01310,HKBN,500
01312,TONGFANG KONTA,6000
01313,CHINARES CEMENT,2000
01314,TSUI WAH HLDG,2000
01315,VISION FAME,2000
01316,NEXTEER,1000
01317,MAPLELEAF EDU,2000
01318,GREENS HOLDINGS,2000
01319,OIWAHPAWN,8000
01321,CHINA NEWCITY,2000
01322,CW GROUP HOLD,500
01323,NEWTREE GROUP,2000
01326,PEGASUS ENT,8000
01327,TIME2U,2000
01328,INT'L ELITE,10000
01329,CAPITAL JUDA,2000
01330,DYNAGREEN ENV,1000
01332,CHINA TOUYUN,10000
01333,CHINA ZHONGWANG,400
01335,SHEEN TAI,2000
01336,NCI,100
01338,BAWANG GROUP,2000
01339,PICC GROUP,1000
01340,HUISHENG INTL,4000
01341,HAO TIAN INTL,8000
01345,PIONEER PHARM,1000
01347,HUA HONG SEMI,1000
01348,QUALI-SMART,2000
01349,FUDANZHANGJIANG,1000
01353,NUOQI,1000
01355,LEGEND STRAT,2000
01357,MEITU,500
01358,PW MEDTECH,1000
01359,CHINA CINDA,1000
01360,MEGAEXPO HLDG,5000
01361,361 DEGREES,1000
01362,SIS MOBILE,4000
01363,CTEG,2000
01365,RUNDONG AUTO,1000
01366,JIANGNAN GP,2000
01367,HANBO ENT HLDGS,4000
01368,XTEP INT'L,500
01369,WUZHOU INT'L,2000
01370,HENGSHIMINING,1000
01371,CHINA LOTSYN,20000
01372,BISU TECH,2000
01373,IH RETAIL,1000
01375,CC SECURITIES,1000
01378,CHINAHONGQIAO,500
01380,CHI KINGSTONE,10000
01381,CANVEST ENV,1000
01382,PACIFICTEXTILES,1000
01383,SUNCITY GROUP,10000
01385,SHANGHAI FUDAN,2000
01386,VESTATE GROUP,1000
01387,RENHE COMM,2000
01388,EMBRY HOLDINGS,1000
01389,MAJOR HLDGS,4000
01393,HIDILI INDUSTRY,1000
01395,ELL ENV,5000
01396,HYDOO INTL,2000
01397,BAGUIO GREEN,4000
01398,ICBC,1000
01399,SCUD GROUP,2000
01400,WANG TAI HLDG,5000
01415,COWELL,1000
01418,SINOMAX GROUP,2000
01419,HUMAN HEALTH,2000
01420,CHUAN HOLDING,4000
01421,KINGBO STRIKE,5000
01428,BRIGHT SMART,2000
01430,SUCHUANG GAS,2000
01431,YST DAIRY,1000
01432,CHINA SHENGMU,1000
01439,CH PACK DEV,5000
01443,FULUM GP HLDG,2000
01446,HUNGFOOKTONG,2000
01447,SFK,2000
01448,FU SHOU YUAN,1000
01450,CENTURY SAGE,2000
01452,DENOX ENV,1000
01456,GUOLIAN SEC,500
01458,ZHOU HEI YA,500
01459,JUJIANG CONS,2000
01460,ICO GROUP,4000
01461,LUZHENG FUTURES,1000
01462,GOLD-FIN HLDG,2000
01466,AFFLUENTPARTNER,2000
01468,UKF,10000
01469,GET NICE FIN,4000
01470,TIC TAC INT'L,4000
01476,HENGTOU SEC,1000
01478,Q TECH,1000
01480,YAN TAT GROUP,2000
01483,U BANQUET GP,2000
01486,C CHENG HLDGS,2000
01488,BEST FOOD HLDG,2000
01492,ZHONGDI DAIRY,2000
01495,JIYIHOUSEHOLD,2000
01496,AP RENTALS,4000
01498,PURAPHARM,500
01499,LEAP HLDGS GP,10000
01500,INCON,5000
01508,CHINA RE,1000
01509,HARMONICARE,1000
01513,LIVZON PHARMA,100
01515,CRPHOENIXHEALTH,500
01518,NC HEALTHCARE,500
01520,RUNWAY GLOBAL,6000
01522,C CITYRAILTEC,4000
01523,PLOVER BAY TECH,8000
01526,RICI HEALTH,1000
01527,TENGY ENV,200
01528,RS MACALLINE,200
01530,3SBIO,500
01532,CHINA PARTYTIME,3000
01533,ZHUANGYUAN PA,500
01536,YUK WING GP,2000
01538,ZHONG AO HOME,2000
01539,SYNERGY GROUP,2000
01543,JOIN-SHARE,2000
01547,IBI GROUP HLDGS,8000
01548,GENSCRIPT BIO,2000
01549,EVER HARVEST GP,8000
01555,MIE HOLDINGS,2000
01556,CHINNEY KW,5000
01557,K.H. GP HLDGS,4000
01558,HEC PHARM,200
01559,KWAN ON HLDGS,10000
01560,STAR PROPERTIES,2000
01561,MANFIELD CHEM,4000
01565,VIRSCEND EDU,1000
01566,CHINA ANIMATION,1000
01568,SUNDART HLDGS,2000
01569,MINSHENG EDU,2000
01570,WEIYE HOLDINGS,1000
01572,CHINA ART FIN,4000
01573,CH UNIENERGY,2000
01575,MORRIS HOLD,2000
01577,HUIXIN CREDIT,2000
01578,BANK OF TIANJIN,500
01579,YIHAI INTL,1000
01580,DA SEN HLDGS,5000
01581,PROGRESSIVE P,5000
01583,QINQIN FOODS,1000
01585,YADEA,2000
01586,CHINA LEON,4000
01588,CHANJET,200
01589,CNLP,1000
01591,SHUN WO GROUP,20000
01596,YICHEN IND,1000
01599,UCD,1000
01600,TIAN LUN GAS,1500
01606,CDB LEASING,2000
01608,VPOWER GROUP,1000
01609,CHONG KIN GP,10000
01610,COFCO MEAT,1000
01611,PANTRONICS HLDG,2000
01612,VINCENT MED,2000
01613,SYNERTONE,8000
01616,SILVERMAN HL,2000
01617,NANFANG COMM,4000
01618,MCC,1000
01619,TIANHE CHEM,2000
01622,REDCO PPT,2000
01623,HILONG,1000
01626,JIA YAO HLDGS,2000
01627,ABLE ENG HLDGS,4000
01628,YUZHOU PPT,1000
01629,MENGKE HLDGS,4000
01632,FOODWISE HLDG,2000
01633,SHEUNG YUE GP,3000
01635,DZUG,1000
01636,CMRU,4000
01637,SH GROUP HLDG,2000
01638,KAISA GROUP,1000
01639,AKM INDUSTRIAL,10000
01647,SHIS LTD,5000
01655,OKURA HOLDINGS,5000
01656,ISDN HOLDINGS,2000
01658,PSBC,1000
01660,SANROC INT'L,8000
01661,WISDOM SPORTS,1000
01662,YEE HOP HLDGS,4000
01663,S HARBOURHOLD,2000
01666,TONG REN TANG,1000
01667,MILESTONE BUILD,10000
01668,CHINASOUTHCITY,2000
01669,GIC GROUP,2000
01673,HUAZHANG TECH,2000
01678,CREATIVE GLOBAL,2000
01679,RISECOMM GP,2500
01680,MACAU LEGEND,1000
01681,CONSUN PHARMA,1000
01682,HIGHLIGHT IOT,4000
01683,ROYAL CHINA INT,4000
01685,BOER POWER,1000
01689,HUAXIHOLDINGS,2000
01698,BOSHIWA INT'L,1000
01699,PUTIAN FOOD,4000
01700,SPRINGLAND,1000
01708,SAMPLE TECH,1000
01717,AUSNUTRIA,1000
01718,WAN KEI GROUP,5000
01728,ZHENGTONGAUTO,500
01733,E-COMMODITIES,12000
01738,FS ANTHRACITE,2500
01766,CRRC,1000
01771,SUNFONDA GP,1000
01776,GF SEC,200
01777,FANTASIA,1500
01778,COLOUR LIFE,1000
01786,CRCCE,500
01788,GUOTAI JUNAN I,1000
01798,DATANG RENEW,1000
01799,XINTE ENERGY,400
01800,CHINA COMM CONS,1000
01803,BJ SPORTS & ENT,2500
01808,ENTERPRISE DEV,2000
01810,XIAO MI,200
01811,CGN NEW ENERGY,2000
01812,CHENMING PAPER,500
01813,KWG PROPERTY,500
01816,CGN POWER,1000
01818,ZHAOJIN MINING,500
01819,FUGUINIAO,600
01822,HONGDA FIN,30000
01823,HUAYUEXPRESSWAY,2000
01828,DCH HOLDINGS,1000
01829,CMEC,1000
01830,PERFECT SHAPE,4000
01831,SHIFANG HLDG,1000
01836,STELLA HOLDINGS,500
01838,CHINAPROPERTIES,1000
01848,CALC,500
01856,ERNEST BOREL,1000
01858,CHUNLI MEDICAL,200
01862,JINGRUI HLDGS,1000
01863,CHI LONGEVITY,1000
01866,CHINA XLX FERT,1000
01868,NEO-NEON,2000
01878,SOUTHGOBI-S,50
01880,BELLE INT'L,1000
01882,HAITIAN INT'L,1000
01883,CITIC TELECOM,1000
01884,EPRINT GROUP,4000
01885,CH WOOD OPT,4000
01886,HUIYUAN JUICE,500
01888,KB LAMINATES,500
01889,WUYI PHARMA,2500
01893,SINOMA,1000
01898,CHINA COAL,1000
01899,XINGDA INT'L,1000
01900,CHINA ITS,1000
01908,C&D INTL GROUP,4000
01910,SAMSONITE,300
01913,PRADA,100
01918,SUNAC,1000
01919,COSCO SHIP HOLD,500
01928,SANDS CHINA LTD,400
01929,CHOW TAI FOOK,200
01938,CHU KONG PIPE,1000
01958,BAIC MOTOR,500
01963,BCQ,500
01966,CHINA SCE PPT,1000
01970,IMAX CHINA,100
01972,SWIREPROPERTIES,200
01979,TEN PAO GROUP,4000
01980,TIANGE,1000
01982,NAMESON HLDGS,2000
01985,MICROWARE,2000
01986,TSAKER CHEM,500
01988,MINSHENG BANK,500
01989,PINE CARE GP,8000
01991,TA YANG GROUP,2000
01993,ASIARAY,500
01998,FLYKE INT'L,2000
01999,MAN WAH HLDGS,400
02000,SIM TECH,2000
02001,NEW HIGHER EDU,1000
02002,SUNSHINE PAPER,500
02005,SSY GROUP,2000
02006,JINJIANG HOTELS,2000
02007,COUNTRY GARDEN,1000
02008,PHOENIX TV,2000
02009,BBMG,1000
02010,REAL NUTRI,1000
02011,KEE,2000
02012,SUNSHINE OIL,500
02014,OZNER WATER,1000
02016,CZBANK,1000
02017,CHANHIGH,2000
02018,AAC TECH,500
02020,ANTA SPORTS,1000
02023,CHINA LUDAO,4000
02028,JOLIMARK,2000
02030,CABBEEN,1000
02031,AUSUPREME,5000
02033,TIME WATCH,2000
02038,FIH,1000
02039,CIMC,100
02066,SHENGJINGBANK,500
02068,CHALIECO,1000
02078,PANASIALUM,1000
02080,AUX INTL,2000
02083,NATURE HOME,1000
02086,ADVANCED CARD,8000
02088,XIWANG PROPERTY,2000
02098,ZALL GROUP,3000
02099,CHINAGOLDINTL,100
02100,BAIOO,2000
02111,BEST PACIFIC,2000
02112,CAA RESOURCES,2000
02113,CHERISH HLDGS,5000
02118,TIAN SHAN DEV,2000
02120,KN HOSPITAL,100
02121,FIRST CHEM,1000
02123,GOLDEN SHIELD,4000
02128,CHINA LESSO,1000
02133,CH POLYMETAL,1000
02136,LIFESTYLE CHI,500
02138,UM HEALTHCARE,1000
02166,SMART-CORE,2000
02168,YINGDE GASES,500
02178,PETRO-KING,1000
02183,LIFESTYLE PPT,2000
02186,LUYE PHARMA,500
02188,TITANS ENERGY,2000
02193,MAN KING HOLD,4000
02196,FOSUN PHARMA,500
02198,CHINA SANJIANG,1000
02199,REGINA MIRACLE,1000
02200,HOSA INT'L,2000
02202,CHINA VANKE,100
02208,GOLDWIND,200
02211,UNI HEALTH,1000
02212,FB MINING,20000
02213,YI HUA HLDG-NEW,2000
02218,ANDRE JUICE,500
02221,NEW CONCEPTS,4000
02222,NVC LIGHTING,1000
02223,CASABLANCA,2000
02226,HONWORLD GP,500
02228,CECEP COSTIN,3000
02229,CG DUNXIN,2000
02233,WESTCHINACEMENT,2000
02236,WISON ENGRG,1000
02238,GAC GROUP,2000
02239,SMIT,1000
02255,HAICHANG HLDG,1000
02266,LAI SI ENT,2000
02268,YOUYUAN HLDGS,1000
02277,HUARONG INV,5000
02278,HAILAN HLDGS,1000
02280,HC INTL,2000
02281,XINGLU WATER,1000
02282,MGM CHINA,400
02283,TK GROUP HLDG,2000
02286,CHEN XING,1000
02288,RYKADAN CAPITAL,1000
02289,CHARMACY PHAR,500
02293,BAMBOOSHEALTH,8000
02298,COSMO LADY,1000
02299,BILLION IND,2000
02300,AMVIG HOLDINGS,2000
02302,CNNC INT'L,1000
02303,HENGXING GOLD,2000
02307,KAM HING INT'L,2000
02308,EVOC,4000
02309,BIRMINGHAM SPTS,20000
02310,FOREBASE INTL,2000
02313,SHENZHOU INTL,1000
02314,LEE & MAN PAPER,1000
02317,VEDAN INT'L,4000
02318,PING AN,500
02319,MENGNIU DAIRY,1000
02320,HOP FUNG GROUP,2000
02322,NOBLE CENTURY,8000
02323,CHINA HKBRIDGE,2000
02326,BEP INT'L HOLD,10000
02327,MEILLEUREHEALTH,6000
02328,PICC P&C,2000
02329,GUORUI PPT,1000
02330,CHINA UPTOWN,4000
02331,LI NING,500
02333,GREATWALL MOTOR,500
02336,HAILIANG INTL,10000
02338,WEICHAI POWER,1000
02339,BWI INT'L,2000
02340,SYNERGIS HOLD,4000
02341,ECOGREEN,2000
02342,COMBA,2000
02343,PACIFIC BASIN,1000
02345,SHANGHAI PRIME,2000
02348,DAWNRAYS PHARMA,4000
02349,CH CITY INFRA,4000
02355,BAOYE GROUP,2000
02356,DAHSING BANKING,400
02357,AVICHINA,1000
02358,JIU RONG HOLD,10000
02362,JINCHUAN INTL,1000
02366,SMI CULTURE,5000
02368,EAGLE NICE,2000
02369,COOLPAD GROUP,4000
02371,C CHUANGLIAN ED,4000
02378,PRU,500
02379,ZHONGTIAN INT'L,5000
02380,CHINA POWER,1000
02382,SUNNY OPTICAL,1000
02383,TOM GROUP,2000
02386,SINOPEC SEG,500
02388,BOC HONG KONG,500
02389,BJ ENT M&H,6000
02393,YESTAR HEALTH,2500
02398,GOOD FRIEND,2000
02399,FORDOO,1000
02468,TRONY SOLAR,1000
02488,LAUNCH TECH,500
02588,BOC AVIATION,100
02600,CHALCO,2000
02601,CPIC,200
02607,SH PHARMA,100
02608,SUNSHINE 100,1000
02611,GTJA,200
02623,ADD NEW ENERGY,2000
02628,CHINA LIFE,1000
02633,JACOBSON PHARMA,2000
02638,HKELECTRIC-SS,500
02662,CAMSING INTL,2000
02666,UNI MEDICAL,500
02668,PAK TAK INT'L,10000
02669,CHINA OVS PPT,5000
02678,TEXHONG TEXTILE,500
02686,AAG ENERGY,1000
02688,ENN ENERGY,1000
02689,ND PAPER,1000
02698,WEIQIAO TEXTILE,500
02699,XINMING CHINA,2000
02700,GREEN INTL HLDG,20000
02722,CHONGQING M&E,2000
02727,SH ELECTRIC,2000
02728,YUHUA ENERGY,4000
02738,HUAJIN INTL,2000
02768,JIAYUAN INTL,2000
02777,R&F PROPERTIES,400
02778,Champion Real Estate,1000
02788,YORKEY OPTICAL,2000
02789,YUANDA CHINA,2000
02799,CHINA HUARONG,1000
02800,TRACKER FUND,500
02866,COSCO SHIP DEV,1000
02868,BJ CAPITAL LAND,2000
02869,GREENTOWN SER,2000
02877,SHINEWAY PHARM,1000
02878,SOLOMON SYSTECH,2000
02880,DALIAN PORT,2000
02882,HKRH,4000
02883,CHINA OILFIELD,2000
02886,BINHAI INV,2000
02888,STANCHART,50
02889,NRI HOLDINGS,2000
02898,LONGRUN TEA,10000
02899,ZIJIN MINING,2000
02957,C ZENITH-OLD,2500
02961,YI HUA HLDG-OLD,4000
02964,PLAYMATES-OLD,20000
02968,APAC RESOURCES,2000
02969,SMI HOLDINGS,800
03300,CHINA GLASS,2000
03301,RONSHINECHINA,500
03303,JUTAL OIL SER,2000
03306,JNBY,500
03308,GOLDEN EAGLE,1000
03311,CHINA STATE CON,2000
03313,ARTGO HOLDINGS,1000
03315,GOLDPAC GROUP,1000
03318,CHINA FLAVORS,2000
03320,CHINARES PHARMA,500
03322,WIN HANVERKY,2000
03323,CNBM,2000
03326,PERFECT GROUP,3000
03328,BANKCOMM,1000
03329,BOCOM INTL,1000
03330,LINGBAO GOLD,2000
03331,VINDA INT'L,1000
03332,SINOLIFE UTD,2000
03333,EVERGRANDE,1000
03335,DBA TELECOM,4000
03336,JU TENG INTL,2000
03337,ANTON OILFIELD,2000
03339,LONKING,1000
03344,ADDCHANCE,2000
03355,ASMC,2000
03360,FE HORIZON,1000
03363,ZHENGYE INT'L,2000
03366,OCT (ASIA),2000
03368,PARKSON GROUP,500
03369,QHD PORT,500
03377,SINO-OCEAN GP,500
03378,XIAMEN PORT,2000
03380,LOGAN PPT,2000
03382,TIANJINPORT DEV,2000
03383,AGILE GROUP,2000
03389,HENGDELI,4000
03393,WASION GROUP,2000
03395,PERSTA,1000
03396,LEGENDHOLDING,100
03398,CHINA TING,2000
03399,YUEYUN TRANS,1000
03600,MODERN DENTAL,1000
03606,FUYAO GLASS,400
03608,YONGSHENG MAT,2500
03618,CQRC BANK,1000
03623,C SUCCESS FIN,2000
03626,HSSP INTL,2000
03628,RENHENG ENT,4000
03633,ZHONGYU GAS,2000
03636,POLY CULTURE,100
03638,HUABANG FIN,12000
03639,YIDA CHINA,2000
03663,XIEZHONG INTL,4000
03666,XIAO NAN GUO,2000
03669,YONGDA AUTO,500
03678,HOLLY FUTURES,1000
03683,GREAT HARVEST,2500
03686,CLIFFORDML,10000
03688,TOP SPRING,500
03689,KANGHUA HEALTH,200
03698,HUISHANG BANK,1000
03708,YAT SING HLDG,5000
03709,KORADIOR,1000
03737,ZHONGZHIPHARM,1000
03768,DCWT,1000
03773,NNK,2000
03777,C FIBER OPTIC,2000
03778,CHINA WEAVING,4000
03788,CHINA HANKING,1000
03789,ROYAL DELUXE,4000
03799,DALI FOODS,500
03800,GCL-POLY ENERGY,1000
03808,SINOTRUK,500
03813,POU SHENG INT'L,1000
03816,KFM KINGDOM,4000
03818,CHINA DONGXIANG,1000
03822,SAM WOO CONS,4000
03823,TECH PRO,2000
03828,MING FAI INT'L,1000
03833,XINXIN MINING,1000
03836,HARMONY AUTO,500
03838,CHINA STARCH,5000
03839,CT ENTERPRISE,500
03866,BQD,500
03868,QX PAPER,1000
03869,HOSPITAL CORP,200
03882,SKYLIGHT HLDG,1000
03883,CHINA AOYUAN,1000
03886,TOWN HEALTH,2000
03888,KINGSOFT,1000
03889,GLOBAL SWEET,2000
03893,CROSSTEC,20000
03898,CRRC TIMES ELEC,100
03899,CIMC ENRIC,2000
03900,GREENTOWN CHINA,500
03903,HANHUA FIN,2000
03908,CICC,400
03918,NAGACORP,2000
03933,UNITED LAB,2000
03939,WANGUO MINING,2000
03948,YITAI COAL,100
03958,DFZQ,400
03963,RONGZHONG FIN,1000
03966,CH BAOFENG INTL,2000
03968,CM BANK,500
03969,CHINA CRSC,1000
03983,CHINA BLUECHEM,2000
03988,BANK OF CHINA,1000
03989,CAPITAL ENV,2000
03993,CMOC,3000
03996,CH ENERGY ENG,2000
03998,BOSIDENG,2000
03999,DACHAN FOOD,1000
04601,BOC 2014 PREF,20000
04603,ICBC USDPREF1,10000
04604,ICBC EURPREF1,10000
04605,BOCOM 15USDPREF,10000
04606,CCB 15USDPREF,10000
04607,CINDA 16USDPREF,10000
04608,HSBNK 16USDPREF,10000
04609,CMBC 16USDPREF,10000
04610,CZB 17USDPREF,10000
06030,CITIC SEC,500
06033,TELECOM DIGIT,1000
06066,CSC,500
06068,WISDOM EDU INTL,2000
06099,CMSC,200
06108,NEW RAY MEDIC,8000
06116,LA CHAPELLE,200
06118,AUSTAR,1000
06122,JIUTAI RCB,1000
06123,ON TIME LOG,2000
06128,EARTHASIA,2000
06133,VITAL MOBILE,1000
06136,KANGDA ENV,1000
06138,HARBIN BANK,1000
06139,JINMAO HOTEL-SS,500
06161,TARGET INS,2000
06163,GEMILANG INTL,2000
06166,CHINA VAST,1000
06168,CHINA U-TON,5000
06169,YUHUA EDU,2000
06178,EB SECURITIES,200
06183,CH GREENFRESH,1000
06188,BJ DIGITAL,500
06189,ADWAY,500
06196,BANKOFZHENGZHOU,1000
06198,QINGDAO PORT,1000
06808,SUNART RETAIL,500
06816,PROSPER CONS,2000
06818,CEB BANK,1000
06822,KING'S FLAIR,2000
06823,HKT-SS,1000
06826,HAOHAI BIOTEC,100
06828,BG BLUE SKY,8000
06830,HUAZHONG IN-V,2000
06833,SINCO PHARMA,4000
06836,TIANYUN INT'L,2000
06837,HAITONG SEC,400
06838,WINOX,2000
06839,YUNNAN WATER,1000
06858,HONMAGOLF,500
06863,HUISHAN DAIRY,1000
06865,FLAT GLASS,1000
06866,ZUOLI M-FIN,2000
06868,TENFU,1000
06869,YOFC,500
06878,DIFFER GROUP,2000
06880,TEMPUS HOLD,2000
06881,CGS,500
06882,EGL HOLDINGS,2000
06886,HTSC,200
06888,FREETECH,1000
06889,DYNAM JAPAN,200
06893,HINSANG GROUP,2000
06896,GOLDEN THROAT,500
06898,CHINA ALUMCAN,2000
06899,OURGAME,1000
08267,Oriental U.C.H,500
08350,EXCALIBUR Global,8000
